﻿<?xml version="1.0" encoding="utf-8"?>
<!--DO NOT EDIT. This document is generated by PSoC Creator design builds.-->
<PSoCCreatorIdeExport Version="1">
  <Device Part="CY8C5888LTI-LP097" Processor="CortexM3" DeviceID="2E161069" />
  <Toolchains>
    <Toolchain Name="ARM GCC Generic" Selected="True">
      <Tool Name="prebuild" Command="" Options="" />
      <Tool Name="assembler" Command="arm-none-eabi-as.exe" Options="-mcpu=cortex-m3 -mthumb -I.\APP -I.\BSP -I.\BSP\OS\uCOS-III -I.\uC-CPU -I.\uC-CPU\ARM-Cortex-M3\GNU -I.\uC-LIB -I.\uCOS-III\Source -I.\uCOS-III\Ports\ARM-Cortex-M3\Generic\GNU -I.\uCOS-III\Lib\ARM-Cortex-M3\PSoC_GNU -I. -IGenerated_Source\PSoC5 -alh=${OutputDir}/${CompileFile}.lst -g -W" />
      <Tool Name="compiler" Command="arm-none-eabi-gcc.exe" Options="-mcpu=cortex-m3 -mthumb -I.\APP -I.\BSP -I.\BSP\OS\uCOS-III -I.\uC-CPU -I.\uC-CPU\ARM-Cortex-M3\GNU -I.\uC-LIB -I.\uCOS-III\Source -I.\uCOS-III\Ports\ARM-Cortex-M3\Generic\GNU -I.\uCOS-III\Lib\ARM-Cortex-M3\PSoC_GNU -I. -IGenerated_Source\PSoC5 -Wa,-alh=${OutputDir}/${CompileFile}.lst -g -D DEBUG -D CY_CORE_ID=0 -Wall -ffunction-sections -ffat-lto-objects -Og" />
      <Tool Name="linker" Command="arm-none-eabi-gcc.exe" Options="-mcpu=cortex-m3 -mthumb -L Generated_Source\PSoC5 -Wl,-Map,${OutputDir}/${ProjectShortName}.map -T Generated_Source\PSoC5\cm3gcc.ld -specs=nano.specs -Wl,--gc-sections -g -ffunction-sections -Og -ffat-lto-objects" />
      <Tool Name="postbuild" Command="" Options="" />
    </Toolchain>
    <Toolchain Name="ARM MDK Generic" Selected="False">
      <Tool Name="prebuild" Command="" Options="" />
      <Tool Name="assembler" Command="armasm.exe" Options="--cpu=Cortex-M3 --diag_style=gnu --thumb -i. -iGenerated_Source\PSoC5 -g --list=${OutputDir}/${CompileFile}.lst &quot;--predefine=__MICROLIB SETA 1&quot;" />
      <Tool Name="compiler" Command="armcc.exe" Options="--cpu=Cortex-M3 --C99 --diag_style=gnu -I. -IGenerated_Source\PSoC5 --list --signed_chars -g -D DEBUG -D CY_CORE_ID=0 -O0 --split_sections -D__MICROLIB" />
      <Tool Name="linker" Command="armlink.exe" Options="--cpu=Cortex-M3 --diag_style=gnu --no_startup --library_type=microlib --map --list ${OutputDir}/${ProjectShortName}.map --scatter Generated_Source\PSoC5\Cm3RealView.scat" />
      <Tool Name="postbuild" Command="" Options="" />
    </Toolchain>
    <Toolchain Name="ARM IAR Generic" Selected="False">
      <Tool Name="prebuild" Command="" Options="" />
      <Tool Name="assembler" Command="iasmarm.exe" Options="--cpu Cortex-M3 -I. -IGenerated_Source\PSoC5 -s+ -M&lt;&gt; -w+ -r -DDEBUG --fpu None" />
      <Tool Name="compiler" Command="iccarm.exe" Options="--cpu Cortex-M3 -I. -IGenerated_Source\PSoC5 -D DEBUG -D CY_CORE_ID=0 -I. -IGenerated_Source\PSoC5 -D DEBUG -D CY_CORE_ID=0 --no_cse --no_unroll --no_inline --no_code_motion --no_tbaa --no_clustering --no_scheduling --debug --endian=little -e --fpu=None -On --no_wrap_diagnostics" />
      <Tool Name="linker" Command="ilinkarm.exe" Options="--semihosting --entry __iar_program_start --config Generated_Source\PSoC5\Cm3Iar.icf" />
      <Tool Name="postbuild" Command="" Options="" />
    </Toolchain>
  </Toolchains>
  <Project Name="esw_uCOS3_cykit" Path="C:\Users\frank\Downloads\Frank_Harrant_Spiegelhofer_Motor_Control\esw_uCOS3_cykit.cydsn" Version="5.80" Type="Normal">
    <CMSIS_SVD_File>esw_uCOS3_cykit.svd</CMSIS_SVD_File>
    <Datasheet />
    <LinkerFiles>
      <LinkerFile Toolchain="ARM GCC Generic">.\Generated_Source\PSoC5\cm3gcc.ld</LinkerFile>
      <LinkerFile Toolchain="ARM MDK Generic">.\Generated_Source\PSoC5\Cm3RealView.scat</LinkerFile>
      <LinkerFile Toolchain="ARM IAR Generic">.\Generated_Source\PSoC5\Cm3Iar.icf</LinkerFile>
    </LinkerFiles>
    <Folders>
      <Folder BuildType="STRICT" Path="C:\Users\frank\Downloads\Frank_Harrant_Spiegelhofer_Motor_Control\esw_uCOS3_cykit.cydsn">
        <Files Root="C:\Users\frank\Downloads\Frank_Harrant_Spiegelhofer_Motor_Control\esw_uCOS3_cykit.cydsn">
          <File BuildType="BUILD" Toolchain="">APP\app.c</File>
          <File BuildType="BUILD" Toolchain="">APP\os_app_hooks.c</File>
          <File BuildType="BUILD" Toolchain="">cyapicallbacks.h</File>
          <File BuildType="BUILD" Toolchain="">APP\app_cfg.h</File>
          <File BuildType="BUILD" Toolchain="">APP\cpu_cfg.h</File>
          <File BuildType="BUILD" Toolchain="">APP\includes.h</File>
          <File BuildType="BUILD" Toolchain="">APP\os_app_hooks.h</File>
          <File BuildType="BUILD" Toolchain="">APP\os_cfg.h</File>
          <File BuildType="BUILD" Toolchain="">APP\os_cfg_app.h</File>
          <File BuildType="BUILD" Toolchain="">device.h</File>
          <File BuildType="BUILD" Toolchain="">bsp_uart.c</File>
          <File BuildType="BUILD" Toolchain="">bsp_uart.h</File>
          <File BuildType="BUILD" Toolchain="">bsp_gpio.c</File>
          <File BuildType="BUILD" Toolchain="">bsp_gpio.h</File>
          <File BuildType="BUILD" Toolchain="">bsp_spi.c</File>
          <File BuildType="BUILD" Toolchain="">bsp_spi.h</File>
        </Files>
      </Folder>
      <Folder BuildType="STRICT" Path="C:\Users\frank\Downloads\Frank_Harrant_Spiegelhofer_Motor_Control\esw_uCOS3_cykit.cydsn\Generated_Source\PSoC5">
        <Files Root="C:\Users\frank\Downloads\Frank_Harrant_Spiegelhofer_Motor_Control\esw_uCOS3_cykit.cydsn">
          <File BuildType="BUILD" Toolchain="">Generated_Source\PSoC5\cyfitter_cfg.h</File>
          <File BuildType="BUILD" Toolchain="">Generated_Source\PSoC5\cyfitter_cfg.c</File>
          <File BuildType="BUILD" Toolchain="">Generated_Source\PSoC5\cymetadata.c</File>
          <File BuildType="BUILD" Toolchain="">Generated_Source\PSoC5\cydevice.h</File>
          <File BuildType="BUILD" Toolchain="">Generated_Source\PSoC5\cydevicegnu.inc</File>
          <File BuildType="BUILD" Toolchain="">Generated_Source\PSoC5\cydevicerv.inc</File>
          <File BuildType="BUILD" Toolchain="">Generated_Source\PSoC5\cydeviceiar.inc</File>
          <File BuildType="BUILD" Toolchain="">Generated_Source\PSoC5\cydevice_trm.h</File>
          <File BuildType="BUILD" Toolchain="">Generated_Source\PSoC5\cydevicegnu_trm.inc</File>
          <File BuildType="BUILD" Toolchain="">Generated_Source\PSoC5\cydevicerv_trm.inc</File>
          <File BuildType="BUILD" Toolchain="">Generated_Source\PSoC5\cydeviceiar_trm.inc</File>
          <File BuildType="BUILD" Toolchain="">Generated_Source\PSoC5\cyfittergnu.inc</File>
          <File BuildType="BUILD" Toolchain="">Generated_Source\PSoC5\cyfitterrv.inc</File>
          <File BuildType="BUILD" Toolchain="">Generated_Source\PSoC5\cyfitteriar.inc</File>
          <File BuildType="BUILD" Toolchain="">Generated_Source\PSoC5\cyfitter.h</File>
          <File BuildType="BUILD" Toolchain="">Generated_Source\PSoC5\cydisabledsheets.h</File>
          <File BuildType="BUILD" Toolchain="">Generated_Source\PSoC5\UART_1.c</File>
          <File BuildType="BUILD" Toolchain="">Generated_Source\PSoC5\UART_1.h</File>
          <File BuildType="BUILD" Toolchain="">Generated_Source\PSoC5\UART_1_PM.c</File>
          <File BuildType="BUILD" Toolchain="">Generated_Source\PSoC5\UART_1_INT.c</File>
          <File BuildType="BUILD" Toolchain="">Generated_Source\PSoC5\UART_1_BOOT.c</File>
          <File BuildType="BUILD" Toolchain="">Generated_Source\PSoC5\Pin_1_aliases.h</File>
          <File BuildType="BUILD" Toolchain="">Generated_Source\PSoC5\Pin_1.c</File>
          <File BuildType="BUILD" Toolchain="">Generated_Source\PSoC5\Pin_1.h</File>
          <File BuildType="BUILD" Toolchain="">Generated_Source\PSoC5\UART_1_IntClock.c</File>
          <File BuildType="BUILD" Toolchain="">Generated_Source\PSoC5\UART_1_IntClock.h</File>
          <File BuildType="BUILD" Toolchain="">Generated_Source\PSoC5\cy_em_eeprom.c</File>
          <File BuildType="BUILD" Toolchain="">Generated_Source\PSoC5\cy_em_eeprom.h</File>
          <File BuildType="BUILD" Toolchain="ARM GCC Generic">Generated_Source\PSoC5\cm3gcc.ld</File>
          <File BuildType="BUILD" Toolchain="ARM MDK Generic">Generated_Source\PSoC5\Cm3RealView.scat</File>
          <File BuildType="BUILD" Toolchain="">Generated_Source\PSoC5\Cm3Start.c</File>
          <File BuildType="BUILD" Toolchain="">Generated_Source\PSoC5\core_cm3.h</File>
          <File BuildType="BUILD" Toolchain="">Generated_Source\PSoC5\core_cm3_psoc5.h</File>
          <File BuildType="BUILD" Toolchain="ARM GCC Generic">Generated_Source\PSoC5\CyBootAsmGnu.s</File>
          <File BuildType="BUILD" Toolchain="ARM MDK Generic">Generated_Source\PSoC5\CyBootAsmRv.s</File>
          <File BuildType="BUILD" Toolchain="">Generated_Source\PSoC5\CyDmac.c</File>
          <File BuildType="BUILD" Toolchain="">Generated_Source\PSoC5\CyDmac.h</File>
          <File BuildType="BUILD" Toolchain="">Generated_Source\PSoC5\CyFlash.c</File>
          <File BuildType="BUILD" Toolchain="">Generated_Source\PSoC5\CyFlash.h</File>
          <File BuildType="BUILD" Toolchain="">Generated_Source\PSoC5\CyLib.c</File>
          <File BuildType="BUILD" Toolchain="">Generated_Source\PSoC5\CyLib.h</File>
          <File BuildType="BUILD" Toolchain="">Generated_Source\PSoC5\cypins.h</File>
          <File BuildType="BUILD" Toolchain="">Generated_Source\PSoC5\cyPm.c</File>
          <File BuildType="BUILD" Toolchain="">Generated_Source\PSoC5\cyPm.h</File>
          <File BuildType="BUILD" Toolchain="">Generated_Source\PSoC5\CySpc.c</File>
          <File BuildType="BUILD" Toolchain="">Generated_Source\PSoC5\CySpc.h</File>
          <File BuildType="BUILD" Toolchain="">Generated_Source\PSoC5\cytypes.h</File>
          <File BuildType="BUILD" Toolchain="">Generated_Source\PSoC5\cyutils.c</File>
          <File BuildType="BUILD" Toolchain="">Generated_Source\PSoC5\core_cmFunc.h</File>
          <File BuildType="BUILD" Toolchain="">Generated_Source\PSoC5\core_cmInstr.h</File>
          <File BuildType="BUILD" Toolchain="ARM IAR Generic">Generated_Source\PSoC5\Cm3Iar.icf</File>
          <File BuildType="BUILD" Toolchain="ARM IAR Generic">Generated_Source\PSoC5\CyBootAsmIar.s</File>
          <File BuildType="BUILD" Toolchain="">Generated_Source\PSoC5\cmsis_armcc.h</File>
          <File BuildType="BUILD" Toolchain="">Generated_Source\PSoC5\cmsis_gcc.h</File>
          <File BuildType="BUILD" Toolchain="">Generated_Source\PSoC5\cmsis_compiler.h</File>
          <File BuildType="BUILD" Toolchain="">Generated_Source\PSoC5\project.h</File>
          <File BuildType="BUILD" Toolchain="">Generated_Source\PSoC5\cycodeshareimport.ld</File>
          <File BuildType="BUILD" Toolchain="">Generated_Source\PSoC5\cycodeshareexport.ld</File>
          <File BuildType="BUILD" Toolchain="">Generated_Source\PSoC5\cycodeshareimport.scat</File>
          <File BuildType="BUILD" Toolchain="">Generated_Source\PSoC5\MISO_1_aliases.h</File>
          <File BuildType="BUILD" Toolchain="">Generated_Source\PSoC5\MISO_1.c</File>
          <File BuildType="BUILD" Toolchain="">Generated_Source\PSoC5\MISO_1.h</File>
          <File BuildType="BUILD" Toolchain="">Generated_Source\PSoC5\MOSI_1_aliases.h</File>
          <File BuildType="BUILD" Toolchain="">Generated_Source\PSoC5\MOSI_1.c</File>
          <File BuildType="BUILD" Toolchain="">Generated_Source\PSoC5\MOSI_1.h</File>
          <File BuildType="BUILD" Toolchain="">Generated_Source\PSoC5\SCLK_1_aliases.h</File>
          <File BuildType="BUILD" Toolchain="">Generated_Source\PSoC5\SCLK_1.c</File>
          <File BuildType="BUILD" Toolchain="">Generated_Source\PSoC5\SCLK_1.h</File>
          <File BuildType="BUILD" Toolchain="">Generated_Source\PSoC5\SPIM_1.c</File>
          <File BuildType="BUILD" Toolchain="">Generated_Source\PSoC5\SPIM_1.h</File>
          <File BuildType="BUILD" Toolchain="">Generated_Source\PSoC5\SPIM_1_PM.c</File>
          <File BuildType="BUILD" Toolchain="">Generated_Source\PSoC5\SPIM_1_INT.c</File>
          <File BuildType="BUILD" Toolchain="">Generated_Source\PSoC5\SPIM_1_PVT.h</File>
          <File BuildType="BUILD" Toolchain="">Generated_Source\PSoC5\CS_1_aliases.h</File>
          <File BuildType="BUILD" Toolchain="">Generated_Source\PSoC5\CS_1.c</File>
          <File BuildType="BUILD" Toolchain="">Generated_Source\PSoC5\CS_1.h</File>
          <File BuildType="BUILD" Toolchain="">Generated_Source\PSoC5\SPIM_1_IntClock.c</File>
          <File BuildType="BUILD" Toolchain="">Generated_Source\PSoC5\SPIM_1_IntClock.h</File>
          <File BuildType="BUILD" Toolchain="">Generated_Source\PSoC5\Pin_2_aliases.h</File>
          <File BuildType="BUILD" Toolchain="">Generated_Source\PSoC5\Pin_2.c</File>
          <File BuildType="BUILD" Toolchain="">Generated_Source\PSoC5\Pin_2.h</File>
          <File BuildType="BUILD" Toolchain="">Generated_Source\PSoC5\push_button_aliases.h</File>
          <File BuildType="BUILD" Toolchain="">Generated_Source\PSoC5\push_button.c</File>
          <File BuildType="BUILD" Toolchain="">Generated_Source\PSoC5\push_button.h</File>
        </Files>
      </Folder>
      <Folder BuildType="STRICT" Path="C:\Users\frank\Downloads\Frank_Harrant_Spiegelhofer_Motor_Control\esw_uCOS3_cykit.cydsn">
        <Files Root="C:\Users\frank\Downloads\Frank_Harrant_Spiegelhofer_Motor_Control\esw_uCOS3_cykit.cydsn">
          <File BuildType="BUILD" Toolchain="">BSP\bsp.c</File>
          <File BuildType="BUILD" Toolchain="">BSP\bsp.h</File>
          <File BuildType="BUILD" Toolchain="">BSP\bsp_psoc.h</File>
          <File BuildType="BUILD" Toolchain="">BSP\cpu_bsp.c</File>
        </Files>
      </Folder>
      <Folder BuildType="STRICT" Path="C:\Users\frank\Downloads\Frank_Harrant_Spiegelhofer_Motor_Control\esw_uCOS3_cykit.cydsn">
        <Files Root="C:\Users\frank\Downloads\Frank_Harrant_Spiegelhofer_Motor_Control\esw_uCOS3_cykit.cydsn">
          <File BuildType="BUILD" Toolchain="">BSP\OS\uCOS-III\bsp_os.c</File>
          <File BuildType="BUILD" Toolchain="">BSP\OS\uCOS-III\bsp_os.h</File>
        </Files>
      </Folder>
      <Folder BuildType="STRICT" Path="C:\Users\frank\Downloads\Frank_Harrant_Spiegelhofer_Motor_Control\esw_uCOS3_cykit.cydsn">
        <Files Root="C:\Users\frank\Downloads\Frank_Harrant_Spiegelhofer_Motor_Control\esw_uCOS3_cykit.cydsn">
          <File BuildType="BUILD" Toolchain="">uC-CPU\cpu_core.h</File>
          <File BuildType="BUILD" Toolchain="">uC-CPU\cpu_def.h</File>
          <File BuildType="BUILD" Toolchain="">uC-CPU\cpu_core.c</File>
        </Files>
      </Folder>
      <Folder BuildType="STRICT" Path="C:\Users\frank\Downloads\Frank_Harrant_Spiegelhofer_Motor_Control\esw_uCOS3_cykit.cydsn">
        <Files Root="C:\Users\frank\Downloads\Frank_Harrant_Spiegelhofer_Motor_Control\esw_uCOS3_cykit.cydsn">
          <File BuildType="BUILD" Toolchain="">uC-CPU\ARM-Cortex-M3\GNU\cpu_a.s</File>
          <File BuildType="BUILD" Toolchain="">uC-CPU\ARM-Cortex-M3\GNU\cpu_c.c</File>
          <File BuildType="BUILD" Toolchain="">uC-CPU\ARM-Cortex-M3\GNU\cpu.h</File>
        </Files>
      </Folder>
      <Folder BuildType="STRICT" Path="C:\Users\frank\Downloads\Frank_Harrant_Spiegelhofer_Motor_Control\esw_uCOS3_cykit.cydsn">
        <Files Root="C:\Users\frank\Downloads\Frank_Harrant_Spiegelhofer_Motor_Control\esw_uCOS3_cykit.cydsn">
          <File BuildType="BUILD" Toolchain="">uC-LIB\lib_math.c</File>
          <File BuildType="BUILD" Toolchain="">uC-LIB\lib_math.h</File>
          <File BuildType="BUILD" Toolchain="">uC-LIB\lib_mem.c</File>
          <File BuildType="BUILD" Toolchain="">uC-LIB\lib_mem.h</File>
          <File BuildType="BUILD" Toolchain="">uC-LIB\lib_str.c</File>
          <File BuildType="BUILD" Toolchain="">uC-LIB\lib_str.h</File>
          <File BuildType="BUILD" Toolchain="">uC-LIB\lib_ascii.c</File>
          <File BuildType="BUILD" Toolchain="">uC-LIB\lib_ascii.h</File>
          <File BuildType="BUILD" Toolchain="">uC-LIB\lib_def.h</File>
        </Files>
      </Folder>
      <Folder BuildType="STRICT" Path="C:\Users\frank\Downloads\Frank_Harrant_Spiegelhofer_Motor_Control\esw_uCOS3_cykit.cydsn">
        <Files Root="C:\Users\frank\Downloads\Frank_Harrant_Spiegelhofer_Motor_Control\esw_uCOS3_cykit.cydsn">
          <File BuildType="BUILD" Toolchain="">uCOS-III\Lib\ARM-Cortex-M3\PSoC_GNU\uCOS-III-ARM-Cortex-M3.a</File>
        </Files>
      </Folder>
      <Folder BuildType="STRICT" Path="C:\Users\frank\Downloads\Frank_Harrant_Spiegelhofer_Motor_Control\esw_uCOS3_cykit.cydsn">
        <Files Root="C:\Users\frank\Downloads\Frank_Harrant_Spiegelhofer_Motor_Control\esw_uCOS3_cykit.cydsn">
          <File BuildType="BUILD" Toolchain="">uCOS-III\Ports\ARM-Cortex-M3\Generic\GNU\os_cpu.h</File>
          <File BuildType="BUILD" Toolchain="">uCOS-III\Ports\ARM-Cortex-M3\Generic\GNU\os_cpu_a.s</File>
          <File BuildType="BUILD" Toolchain="">uCOS-III\Ports\ARM-Cortex-M3\Generic\GNU\os_cpu_c.c</File>
        </Files>
      </Folder>
      <Folder BuildType="STRICT" Path="C:\Users\frank\Downloads\Frank_Harrant_Spiegelhofer_Motor_Control\esw_uCOS3_cykit.cydsn">
        <Files Root="C:\Users\frank\Downloads\Frank_Harrant_Spiegelhofer_Motor_Control\esw_uCOS3_cykit.cydsn">
          <File BuildType="BUILD" Toolchain="">uCOS-III\Source\os_pend_multi.c</File>
          <File BuildType="BUILD" Toolchain="">uCOS-III\Source\os_prio.c</File>
          <File BuildType="BUILD" Toolchain="">uCOS-III\Source\os_q.c</File>
          <File BuildType="BUILD" Toolchain="">uCOS-III\Source\os_sem.c</File>
          <File BuildType="BUILD" Toolchain="">uCOS-III\Source\os_stat.c</File>
          <File BuildType="BUILD" Toolchain="">uCOS-III\Source\os_task.c</File>
          <File BuildType="BUILD" Toolchain="">uCOS-III\Source\os_tick.c</File>
          <File BuildType="BUILD" Toolchain="">uCOS-III\Source\os_time.c</File>
          <File BuildType="BUILD" Toolchain="">uCOS-III\Source\os_tmr.c</File>
          <File BuildType="BUILD" Toolchain="">uCOS-III\Source\os_type.h</File>
          <File BuildType="BUILD" Toolchain="">uCOS-III\Source\os_var.c</File>
          <File BuildType="BUILD" Toolchain="">uCOS-III\Source\os.h</File>
          <File BuildType="BUILD" Toolchain="">uCOS-III\Source\os_cfg_app.c</File>
          <File BuildType="BUILD" Toolchain="">uCOS-III\Source\os_core.c</File>
          <File BuildType="BUILD" Toolchain="">uCOS-III\Source\os_dbg.c</File>
          <File BuildType="BUILD" Toolchain="">uCOS-III\Source\os_flag.c</File>
          <File BuildType="BUILD" Toolchain="">uCOS-III\Source\os_int.c</File>
          <File BuildType="BUILD" Toolchain="">uCOS-III\Source\os_mem.c</File>
          <File BuildType="BUILD" Toolchain="">uCOS-III\Source\os_msg.c</File>
          <File BuildType="BUILD" Toolchain="">uCOS-III\Source\os_mutex.c</File>
        </Files>
      </Folder>
      <Folder BuildType="STRICT" Path="C:\Users\frank\Downloads\Frank_Harrant_Spiegelhofer_Motor_Control\esw_uCOS3_cykit.cydsn\Export\ARM_GCC_Generic">
        <Files Root="C:\Users\frank\Downloads\Frank_Harrant_Spiegelhofer_Motor_Control\esw_uCOS3_cykit.cydsn">
          <File BuildType="BUILD" Toolchain="ARM GCC Generic">.\Export\ARM_GCC_Generic\CyComponentLibrary.a</File>
        </Files>
      </Folder>
      <Folder BuildType="STRICT" Path="C:\Users\frank\Downloads\Frank_Harrant_Spiegelhofer_Motor_Control\esw_uCOS3_cykit.cydsn\Export\ARM_MDK_Generic">
        <Files Root="C:\Users\frank\Downloads\Frank_Harrant_Spiegelhofer_Motor_Control\esw_uCOS3_cykit.cydsn">
          <File BuildType="BUILD" Toolchain="ARM MDK Generic">.\Export\ARM_MDK_Generic\CyComponentLibrary.a</File>
        </Files>
      </Folder>
      <Folder BuildType="STRICT" Path="C:\Users\frank\Downloads\Frank_Harrant_Spiegelhofer_Motor_Control\esw_uCOS3_cykit.cydsn\Export\ARM_IAR_Generic">
        <Files Root="C:\Users\frank\Downloads\Frank_Harrant_Spiegelhofer_Motor_Control\esw_uCOS3_cykit.cydsn">
          <File BuildType="BUILD" Toolchain="ARM IAR Generic">.\Export\ARM_IAR_Generic\CyComponentLibrary.a</File>
        </Files>
      </Folder>
      <Folder BuildType="EXCLUDE" Path=".\codegentemp">
        <Files Root="C:\Users\frank\Downloads\Frank_Harrant_Spiegelhofer_Motor_Control\esw_uCOS3_cykit.cydsn" />
      </Folder>
      <Folder BuildType="EXCLUDE" Path=".\ARM_GCC_441">
        <Files Root="C:\Users\frank\Downloads\Frank_Harrant_Spiegelhofer_Motor_Control\esw_uCOS3_cykit.cydsn" />
      </Folder>
      <Folder BuildType="EXCLUDE" Path=".\ARM_GCC_473">
        <Files Root="C:\Users\frank\Downloads\Frank_Harrant_Spiegelhofer_Motor_Control\esw_uCOS3_cykit.cydsn" />
      </Folder>
      <Folder BuildType="EXCLUDE" Path=".\DP8051_Keil_952">
        <Files Root="C:\Users\frank\Downloads\Frank_Harrant_Spiegelhofer_Motor_Control\esw_uCOS3_cykit.cydsn" />
      </Folder>
      <Folder BuildType="EXCLUDE" Path=".\DP8051">
        <Files Root="C:\Users\frank\Downloads\Frank_Harrant_Spiegelhofer_Motor_Control\esw_uCOS3_cykit.cydsn" />
      </Folder>
      <Folder BuildType="EXCLUDE" Path=".\CortexM0">
        <Files Root="C:\Users\frank\Downloads\Frank_Harrant_Spiegelhofer_Motor_Control\esw_uCOS3_cykit.cydsn" />
      </Folder>
      <Folder BuildType="EXCLUDE" Path=".\CortexM0p">
        <Files Root="C:\Users\frank\Downloads\Frank_Harrant_Spiegelhofer_Motor_Control\esw_uCOS3_cykit.cydsn" />
      </Folder>
      <Folder BuildType="EXCLUDE" Path=".\CortexM3">
        <Files Root="C:\Users\frank\Downloads\Frank_Harrant_Spiegelhofer_Motor_Control\esw_uCOS3_cykit.cydsn" />
      </Folder>
      <Folder BuildType="EXCLUDE" Path=".\CortexM4">
        <Files Root="C:\Users\frank\Downloads\Frank_Harrant_Spiegelhofer_Motor_Control\esw_uCOS3_cykit.cydsn" />
      </Folder>
      <Folder BuildType="EXCLUDE" Path=".\CortexM7">
        <Files Root="C:\Users\frank\Downloads\Frank_Harrant_Spiegelhofer_Motor_Control\esw_uCOS3_cykit.cydsn" />
      </Folder>
    </Folders>
  </Project>
</PSoCCreatorIdeExport>